ActionParameters,duration,ParameterCode
Article 406,53,1
Article 121,47,1
Article 265,69,1
Article 227,107,1
Article 56,34,
Article 279,33,
Article 59,61,
Article 99,19,
Article 162,66,
Article 408,74,
Article 27,8,
Article 340,9,
Article 430,57,
Article 306,23,
Article 306,5,
Article 322,22,
Article 454,4,
Article 152,7,
Article 152,2,
Article 50,6,
Article 423,31,
Article 3,23,
Article 86,39,
Article 265,2,
Article 446,4,
Article 124,21,
Article 265,17,
Article 446,23,
Article 124,26,
Article 63,92,
Article 213,39,
Article 267,93,
Article 442,23,
Article 133,32,
Article 302,22,
Article 198,30,
Article 164,40,
Article 264,7,
Article 253,7,
Article 441,5,
Article 112,8,
Article 112,16,
Article 79,15,
Article 4,14,
Article 4,6,
Article 449,12,
Article 263,17,
Article 38,26,
Article 117,44,
Article 251,109,
Article 222,108,
Article 436,10,
Article 457,20,
Article 308,80,
Article 143,157,
Article 320,36,
Article 40,47,
Article 434,12,
Article 260,39,
Article 72,8,
Article 72,46,
Article 260,7,
Article 72,12,
Article 408,20,
Article 81,22,
Article 446,30,
Article 63,62,
Article 258,199,
Article 121,68,
Article 133,7,
Article 302,21,
Article 198,5,
Article 198,3,
Article 164,23,
Article 253,37,
Article 112,16,
Article 79,20,
Article 4,18,
Article 449,17,
Article 38,20,
Article 117,27,
Article 117,45,
Article 251,12,
Article 222,13,
Article 436,20,
Article 111,12,
Article 457,39,
Article 143,17,
Article 320,22,
Article 40,44,
Article 40,102,
Article 421,54,
Article 424,17,
Article 402,23,
Article 452,41,
Article 28,86,
Article 142,33,
Article 307,20,
Article 141,38,
Article 141,25,
Article 376,18,
Article 327,26,
Article 146,53,
Article 275,31,
Article 277,59,
Article 16,11,
Article 365,7,
Article 285,7,
Article 200,12,
Article 286,8,
Article 167,14,
Article 48,46,
Article 367,10,
Article 269,17,
Article 233,11,
Article 47,39,
Article 19,56,
Article 265,15,
Article 117,6,
Article 251,8,
Article 436,17,
Article 111,7,
Article 308,13,
Article 143,43,
Article 320,18,
Article 40,13,
Article 28,11,
Article 170,20,
Article 311,19,
Article 138,35,
Article 141,22,
Article 254,22,
Article 113,11,
Article 178,30,
Article 263,76,
Article 297,6,
Article 211,37,
Article 211,4,
Article 183,54,
Article 183,3,
Article 4,160,
Article 195,20,
Article 35,12,
Article 68,193,
Article 79,92,
Article 294,103,
Article 2,68,
Article 208,23,
Article 434,14,
Article 434,3,
Article 253,10,
Article 264,8,
Article 198,6,
Article 257,15,
Article 97,19,
Article 164,21,
Article 337,107,
Article 250,20,
Article 250,7,
Article 442,59,
Article 213,43,
Article 406,56,
Article 406,12,
Article 265,62,
Article 56,57,
Article 63,13,
Article 56,31,
Article 227,88,
Article 279,38,
Article 59,22,
Article 121,6,
Article 406,35,
Article 265,12,
Article 121,26,
Article 45,36,
Article 45,7,
Article 344,52,
Article 386,69,
Article 284,77,
Article 236,14,
Article 40,26,
Article 213,57,
Article 81,12,
Article 63,52,
Article 227,91,
Article 227,7,
Article 56,20,
Article 279,58,
Article 375,43,
Article 410,44,
Article 251,41,
Article 265,65,
Article 446,21,
Article 124,194,
Article 124,2,
Article 446,13,
Article 63,12,
Article 63,4,
Article 213,10,
Article 267,13,
Article 442,25,
Article 133,32,
Article 253,17,
Article 121,16,
Article 121,20,
Article 99,62,
Article 375,28,
Article 128,98,
Article 121,19,
Article 265,2,
Article 121,40,
Article 265,36,
Article 306,37,
Article 408,0,
Article 406,3,
Article 121,90,
Article 408,166,
Article 322,75,
Article 306,24,
Article 430,40,
Article 340,12,
Article 27,20,
Article 408,80,
Article 162,74,
Article 99,141,
Article 59,242,
Article 454,28,
Article 423,109,
Article 3,30,
Article 86,67,
Article 105,91,
Article 81,0,
Article 105,5,
Article 86,33,
Article 213,17,
Article 267,133,
Article 133,5,
Article 133,10,
Article 302,42,
Article 117,72,
Article 251,28,
Article 117,12,
Article 251,17,
Article 222,80,
Article 251,12,
Article 251,4,
Article 251,1,
Article 117,14,
Article 222,9,
Article 93,15,
Article 436,17,
Article 111,12,
Article 143,17,
Article 457,57,
Article 40,99,
Article 421,85,
Article 189,69,
Article 189,10,
Article 40,36,
Article 189,20,
Article 452,64,
Article 142,153,
Article 22,23,
Article 307,15,
Article 344,92,
Article 284,36,
Article 275,85,
Article 446,91,
Article 124,12,
Article 213,22,
Article 442,7,
Article 302,51,
Article 167,34,
Article 285,49,
Article 447,82,
Article 365,15,
Article 392,15,
Article 167,18,
Article 19,255,
Article 265,57,
Article 446,54,
Article 213,216,
Article 308,283,
Article 265,9,
Article 147,33,
Article 138,0,
Article 143,7,
Article 430,4,
Article 419,140,
Article 210,66,
Article 139,30,
Article 362,22,
Article 211,8,
Article 85,43,
Article 160,56,
Article 45,15,
Article 82,0,
Article 452,51,
Article 82,41,
Article 279,64,
Article 340,0,
Article 87,96,
Article 38,16,
Article 375,139,
Article 123,10,
Article 123,106,
Article 263,261,
Article 205,57,
Article 117,76,
Article 176,10,
Article 140,46,
Article 195,40,
Article 320,0,
Article 56,119,
Article 322,0,
Article 306,18,
Article 430,47,
Article 430,1,
Article 430,0,
Article 168,167,
Article 125,4,
Article 397,3,
Article 275,217,
Article 227,142,
Article 452,83,
Article 442,294,
Article 124,0,
Article 124,1,
Article 227,0,
Article 406,6,
Article 406,21,
Article 121,22,
Article 265,154,
Article 265,26,
Article 227,9,
Article 56,65,
Article 279,34,
Article 279,10,
Article 279,4,
Article 59,48,
Article 99,7,
Article 162,26,
Article 408,48,
Article 340,7,
Article 419,18,
Article 267,23,
Article 258,9,
Article 391,5,
Article 409,4,
Article 259,3,
Article 441,10,
Article 190,7,
Article 117,51,
Article 93,8,
Article 228,49,
Article 308,39,
Article 147,5,
Article 209,16,
Article 307,30,
Article 42,13,
Article 61,2,
Article 433,4,
Article 214,2,
Article 383,7,
Article 440,9,
Article 64,8,
Article 7,13,
Article 246,3,
Article 242,10,
Article 242,4,
Article 372,2,
Article 62,15,
Article 130,7,
Article 62,7,
Article 109,7,
Article 268,28,
Article 262,10,
Article 19,0,
Article 406,37,
Article 121,28,
Article 265,48,
Article 227,143,
Article 56,51,
Article 279,47,
Article 59,46,
Article 99,21,
Article 162,20,
Article 408,54,
Article 27,13,
Article 340,7,
Article 430,37,
Article 430,3,
Article 340,1,
Article 430,4,
Article 306,23,
Article 306,1,
Article 306,1,
Article 430,2,
Article 306,4,
Article 322,20,
Article 322,8,
Article 454,5,
Article 152,7,
Article 152,2,
Article 50,8,
Article 50,2,
Article 152,5,
Article 105,3,
Article 86,3,
Article 152,1,
Article 50,1,
Article 423,2,
Article 50,3,
Article 423,29,
Article 3,36,
Article 3,3,
Article 86,25,
Article 105,35,
Article 81,36,
Article 105,10,
Article 81,11,
Article 81,2,
Article 81,2,
Article 210,24,
Article 210,2,
Article 256,12,
Article 256,4,
Article 446,17,
Article 446,8,
Article 124,58,
Article 63,9,
Article 446,10,
Article 124,26,
Article 124,4,
Article 124,3,
Article 63,36,
Article 213,59,
Article 419,43,
Article 419,3,
Article 267,25,
Article 442,22,
Article 15,10,
Article 358,19,
Article 358,1,
Article 250,20,
Article 133,5,
Article 133,13,
Article 258,9,
Article 360,3,
Article 258,4,
Article 360,27,
Article 360,2,
Article 41,13,
Article 41,4,
Article 404,9,
Article 337,9,
Article 74,2,
Article 337,2,
Article 74,12,
Article 74,2,
Article 74,3,
Article 157,13,
Article 166,3,
Article 175,4,
Article 175,3,
Article 166,6,
Article 157,5,
Article 432,21,
Article 282,5,
Article 165,4,
Article 387,8,
Article 112,7,
Article 166,6,
Article 175,6,
Article 419,1,
Article 419,1,
Article 157,8,
Article 157,30,
Article 166,4,
Article 175,7,
Article 220,5,
Article 302,26,
Article 302,3,
Article 255,5,
Article 378,10,
Article 97,14,
Article 97,2,
Article 97,1,
Article 378,4,
Article 97,4,
Article 400,9,
Article 400,1,
Article 400,2,
Article 332,7,
Article 198,7,
Article 391,5,
Article 391,1,
Article 409,7,
Article 409,3,
Article 89,4,
Article 89,8,
Article 301,2,
Article 89,2,
Article 301,24,
Article 89,3,
Article 301,2,
Article 304,7,
Article 304,1,
Article 164,12,
Article 164,2,
Article 259,4,
Article 259,4,
Article 259,2,
Article 164,4,
Article 259,5,
Article 196,3,
Article 391,7,
Article 164,12,
Article 164,2,
Article 391,2,
Article 89,6,
Article 400,8,
Article 198,7,
Article 264,7,
Article 264,2,
Article 253,8,
Article 264,4,
Article 198,2,
Article 264,14,
Article 264,6,
Article 264,6,
Article 253,6,
Article 253,3,
Article 253,1,
Article 434,5,
Article 434,8,
Article 434,4,
Article 116,14,
Article 441,2,
Article 116,8,
Article 441,3,
Article 190,5,
Article 190,4,
Article 196,13,
Article 196,2,
Article 223,5,
Article 193,10,
Article 193,2,
Article 193,2,
Article 112,31,
Article 112,2,
Article 223,9,
Article 223,187,
Article 223,2,
Article 129,15,
Article 223,1,
Article 129,1,
Article 155,11,
Article 155,3,
Article 155,2,
Article 191,12,
Article 155,1,
Article 191,6,
Article 193,1,
Article 193,7,
Article 112,9,
Article 193,2,
Article 112,14,
Article 112,5,
Article 112,1,
Article 115,5,
Article 80,4,
Article 80,2,
Article 180,4,
Article 180,4,
Article 196,5,
Article 196,4,
Article 294,8,
Article 294,8,
Article 366,7,
Article 366,4,
Article 366,2,
Article 362,7,
Article 362,2,
Article 2,11,
Article 2,6,
Article 387,6,
Article 387,3,
Article 79,7,
Article 182,3,
Article 60,5,
Article 219,6,
Article 219,2,
Article 150,4,
Article 54,13,
Article 54,3,
Article 54,2,
Article 102,8,
Article 135,4,
Article 132,3,
Article 139,8,
Article 139,2,
Article 422,3,
Article 422,3,
Article 88,4,
Article 393,2,
Article 260,7,
Article 260,3,
Article 195,8,
Article 195,6,
Article 371,9,
Article 371,3,
Article 135,19,
Article 135,2,
Article 35,5,
Article 68,2,
Article 35,1,
Article 68,7,
Article 314,4,
Article 422,2,
Article 314,4,
Article 422,6,
Article 1,4,
Article 1,4,
Article 4,7,
Article 211,2,
Article 4,2,
Article 211,2,
Article 4,12,
Article 211,4,
Article 108,16,
Article 108,4,
Article 108,2,
Article 183,9,
Article 183,1,
Article 183,13,
Article 183,4,
Article 221,12,
Article 221,3,
Article 95,4,
Article 381,9,
Article 95,2,
Article 221,10,
Article 95,5,
Article 381,11,
Article 165,6,
Article 165,3,
Article 217,4,
Article 78,10,
Article 78,2,
Article 161,3,
Article 282,6,
Article 183,5,
Article 381,6,
Article 9,2,
Article 165,5,
Article 72,4,
Article 181,4,
Article 289,13,
Article 289,7,
Article 385,3,
Article 5,4,
Article 203,4,
Article 351,5,
Article 92,3,
Article 318,3,
Article 354,4,
Article 412,7,
Article 412,2,
Article 203,3,
Article 341,1,
Article 289,2,
Article 341,8,
Article 289,10,
Article 426,4,
Article 232,8,
Article 232,3,
Article 73,4,
Article 388,3,
Article 385,4,
Article 385,2,
Article 168,26,
Article 73,1,
Article 388,1,
Article 385,2,
Article 168,4,
Article 449,6,
Article 263,14,
Article 449,5,
Article 263,2,
Article 123,34,
Article 123,1,
Article 38,14,
Article 38,2,
Article 87,61,
Article 87,1,
Article 375,19,
Article 119,12,
Article 382,17,
Article 245,19,
Article 241,6,
Article 67,46,
Article 67,2,
Article 67,3,
Article 128,18,
Article 128,2,
Article 324,8,
Article 324,2,
Article 8,15,
Article 8,4,
Article 127,15,
Article 336,19,
Article 240,28,
Article 240,5,
Article 240,5,
Article 125,21,
Article 103,9,
Article 110,12,
Article 44,206,
Article 240,47,
Article 240,2,
Article 240,4,
Article 125,4,
Article 118,41,
Article 70,197,
Article 305,148,
Article 448,92,
Article 225,143,
Article 23,8,
Article 356,2,
Article 356,4,
Article 356,57,
Article 34,36,
Article 273,24,
Article 30,33,
Article 30,3,
Article 30,1,
Article 273,2,
Article 30,4,
Article 330,22,
Article 330,2,
Article 91,56,
Article 159,20,
Article 159,2,
Article 335,20,
Article 6,4,
Article 6,8,
Article 6,5,
Article 65,23,
Article 33,7,
Article 230,3,
Article 357,40,
Article 199,19,
Article 276,6,
Article 276,5,
Article 394,8,
Article 331,65,
Article 76,20,
Article 299,13,
Article 299,2,
Article 415,8,
Article 37,13,
Article 37,4,
Article 75,8,
Article 315,3,
Article 438,17,
Article 359,10,
Article 309,6,
Article 416,11,
Article 187,7,
Article 83,3,
Article 292,12,
Article 292,3,
Article 184,4,
Article 338,27,
Article 231,2,
Article 338,1,
Article 231,9,
Article 231,3,
Article 151,6,
Article 51,33,
Article 51,7,
Article 51,6,
Article 364,11,
Article 379,9,
Article 379,5,
Article 144,9,
Article 144,2,
Article 300,2,
Article 53,5,
Article 295,6,
Article 202,10,
Article 130,12,
Article 130,4,
Article 62,8,
Article 428,5,
Article 109,8,
Article 243,5,
Article 268,8,
Article 268,1,
Article 262,6,
Article 19,4,
Article 262,6,
Article 268,3,
Article 243,1,
Article 262,4,
Article 19,24,
Article 268,16,
Article 268,18,
Article 268,1,
Article 262,16,
Article 19,61,
Article 19,3,
Article 84,7,
Article 84,3,
Article 47,26,
Article 47,2,
Article 233,9,
Article 233,3,
Article 269,16,
Article 269,1,
Article 239,4,
Article 367,8,
Article 278,4,
Article 278,3,
Article 29,4,
Article 48,45,
Article 48,3,
Article 270,43,
Article 270,3,
Article 350,5,
Article 432,74,
Article 432,1,
Article 25,10,
Article 26,9,
Article 11,10,
Article 11,2,
Article 418,15,
Article 185,7,
Article 185,3,
Article 207,10,
Article 207,2,
Article 58,14,
Article 58,4,
Article 167,24,
Article 167,2,
Article 10,4,
Article 174,3,
Article 174,2,
Article 287,3,
Article 244,2,
Article 286,7,
Article 158,4,
Article 200,9,
Article 420,4,
Article 77,3,
Article 458,5,
Article 411,4,
Article 444,4,
Article 447,7,
Article 69,3,
Article 43,5,
Article 413,8,
Article 31,2,
Article 303,2,
Article 14,4,
Article 431,3,
Article 122,2,
Article 18,34,
Article 18,2,
Article 450,6,
Article 374,16,
Article 98,30,
Article 98,20,
Article 98,16,
Article 98,3,
Article 98,1,
Article 66,90,
Article 66,1,
Article 104,11,
Article 104,7,
Article 32,12,
Article 32,3,
Article 237,3,
Article 24,5,
Article 368,3,
Article 370,5,
Article 370,6,
Article 313,3,
Article 313,2,
Article 101,3,
Article 101,2,
Article 192,27,
Article 192,2,
Article 131,3,
Article 57,3,
Article 46,2,
Article 435,4,
Article 403,3,
Article 266,5,
Article 285,10,
Article 365,4,
Article 16,6,
Article 277,6,
Article 82,14,
Article 82,4,
Article 137,3,
Article 71,5,
Article 20,6,
Article 36,6,
Article 397,10,
Article 372,4,
Article 349,3,
Article 107,4,
Article 107,4,
Article 194,10,
Article 194,3,
Article 171,17,
Article 171,5,
Article 363,18,
Article 169,3,
Article 407,8,
Article 407,16,
Article 342,9,
Article 90,8,
Article 238,10,
Article 238,4,
Article 348,14,
Article 348,2,
Article 321,8,
Article 456,5,
Article 296,5,
Article 42,8,
Article 134,6,
Article 61,3,
Article 433,4,
Article 214,6,
Article 383,4,
Article 440,11,
Article 440,1,
Article 64,6,
Article 440,16,
Article 440,104,
Article 64,12,
Article 7,23,
Article 7,2,
Article 246,6,
Article 242,31,
Article 242,4,
Article 439,2,
Article 293,50,
Article 293,3,
Article 271,14,
Article 145,3,
Article 145,78,
Article 145,80,
Article 145,2,
Article 136,6,
Article 399,9,
Article 261,68,
Article 261,3,
Article 55,35,
Article 55,3,
Article 390,5,
Article 390,5,
Article 154,8,
Article 154,2,
Article 218,7,
Article 247,12,
Article 329,7,
Article 94,15,
Article 94,18,
Article 396,9,
Article 392,4,
Article 275,6,
Article 146,1,
Article 319,16,
Article 319,3,
Article 352,7,
Article 156,8,
Article 156,3,
Article 425,6,
Article 425,5,
Article 425,9,
Article 425,3,
Article 425,5,
Article 96,4,
Article 96,14,
Article 96,4,
Article 215,4,
Article 445,10,
Article 445,7,
Article 215,3,
Article 445,4,
Article 204,6,
Article 173,3,
Article 323,10,
Article 323,1,
Article 179,64,
Article 179,2,
Article 229,4,
Article 333,39,
Article 355,8,
Article 334,11,
Article 334,2,
Article 398,6,
Article 21,18,
Article 21,2,
Article 178,11,
Article 178,3,
Article 178,2,
Article 113,11,
Article 178,1,
Article 113,1,
Article 254,7,
Article 346,5,
Article 389,5,
Article 453,32,
Article 248,4,
Article 284,3,
Article 290,10,
Article 327,16,
Article 376,4,
Article 141,2,
Article 369,53,
Article 235,11,
Article 345,3,
Article 326,2,
Article 386,5,
Article 138,3,
Article 311,7,
Article 405,9,
Article 405,2,
Article 344,3,
Article 172,2,
Article 170,2,
Article 429,34,
Article 429,3,
Article 52,9,
Article 226,3,
Article 216,7,
Article 188,12,
Article 188,3,
Article 224,15,
Article 120,5,
Article 307,15,
Article 22,7,
Article 142,2,
Article 186,3,
Article 28,17,
Article 28,3,
Article 106,3,
Article 395,4,
Article 39,2,
Article 274,1,
Article 339,2,
Article 149,3,
Article 401,22,
Article 377,2,
Article 343,3,
Article 343,2,
Article 177,10,
Article 414,12,
Article 414,5,
Article 414,2,
Article 212,1,
Article 212,7,
Article 212,1,
Article 212,2,
Article 45,12,
Article 45,3,
Article 160,8,
Article 85,3,
Article 347,12,
Article 163,4,
Article 201,20,
Article 201,1,
Article 148,6,
Article 452,19,
Article 100,17,
Article 402,8,
Article 189,12,
Article 424,6,
Article 206,2,
Article 421,4,
Article 40,5,
Article 40,2,
Article 40,107,
Article 320,10,
Article 126,11,
Article 353,2,
Article 236,3,
Article 209,2,
Article 312,15,
Article 147,19,
Article 288,10,
Article 288,2,
Article 308,9,
Article 437,15,
Article 283,19,
Article 17,9,
Article 328,9,
Article 316,17,
Article 457,21,
Article 111,7,
Article 111,3,
Article 436,5,
Article 93,3,
Article 222,3,
Article 251,4,
Article 117,7,
Article 310,13,
Article 310,2,
Article 451,1,
Article 451,7,
Article 361,11,
Article 361,2,
Article 12,7,
Article 384,62,
Article 384,43,
Article 114,6,
Article 427,4,
Article 205,4,
Article 417,207,
Article 417,250,
Article 417,2,
Article 176,69,
Article 280,33,
Article 280,7,
Article 249,253,
Article 249,3,
Article 140,4,
Article 410,193,
Article 410,2,
Article 298,4,
Article 44,11,
Article 110,107,
Article 110,1,
Article 103,69,
Article 103,2,
Article 125,7,
Article 125,2,
Article 123,6,
Article 240,1,
Article 336,38,
Article 432,13,
Article 145,23,
Article 399,2,
Article 136,1,
Article 145,26,
Article 160,6,
Article 406,9,
Article 121,0,
Article 265,123,
Article 227,0,
Article 56,100,
Article 279,17,
Article 59,23,
Article 99,3,
Article 162,15,
Article 408,95,
Article 322,9,
Article 306,3,
Article 306,1,
Article 306,3,
Article 430,22,
Article 454,14,
Article 152,14,
Article 50,48,
Article 423,45,
Article 3,57,
Article 86,91,
Article 105,71,
Article 81,79,
Article 446,96,
Article 124,0,
Article 419,0,
Article 406,7,
Article 121,10,
Article 265,6,
Article 227,4,
Article 227,3,
Article 56,9,
Article 279,4,
Article 59,5,
Article 99,5,
Article 162,114,
Article 59,50,
Article 121,20,
Article 265,7,
Article 265,1,
Article 265,2,
Article 227,24,
Article 56,15,
Article 279,25,
Article 59,28,
Article 99,10,
Article 162,9,
Article 408,27,
Article 27,8,
Article 340,12,
Article 430,16,
Article 306,139,
Article 322,2,
Article 322,1,
Article 322,9,
Article 419,5,
Article 454,10,
Article 152,11,
Article 50,12,
Article 50,2,
Article 50,2,
Article 423,43,
Article 3,31,
Article 86,0,
Article 86,2,
Article 86,3,
Article 105,13,
Article 81,23,
Article 210,23,
Article 446,30,
Article 63,0,
Article 256,10,
Article 306,9,
Article 322,4,
Article 340,11,
Article 430,12,
Article 306,0,
Article 406,221,
Article 121,5,
Article 121,99,
Article 265,73,
Article 227,67,
Article 227,10,
Article 227,11,
Article 56,27,
Article 279,28,
Article 59,39,
Article 162,33,
Article 306,10,
Article 322,12,
Article 63,59,
Article 419,49,
Article 384,19,
Article 322,63,
Article 306,21,
Article 430,30,
Article 406,88,
Article 121,48,
Article 265,51,
Article 227,33,
Article 56,50,
Article 279,90,
Article 59,73,
Article 162,34,
Article 408,54,
Article 27,13,
Article 340,9,
Article 430,3,
Article 306,10,
Article 322,45,
Article 454,8,
Article 152,14,
Article 50,15,
Article 50,5,
Article 423,53,
Article 3,21,
Article 86,44,
Article 105,41,
Article 81,53,
Article 210,64,
Article 256,15,
Article 446,43,
Article 124,67,
Article 124,3,
Article 63,15,
Article 213,44,
Article 419,46,
Article 267,39,
Article 442,42,
Article 15,14,
Article 15,2,
Article 358,21,
Article 358,2,
Article 358,4,
Article 250,23,
Article 250,20,
Article 133,5,
Article 250,2,
Article 133,21,
Article 133,3,
Article 258,38,
Article 133,3,
Article 258,3,
Article 360,23,
Article 41,21,
Article 41,6,
Article 404,32,
Article 404,3,
Article 337,1,
Article 337,14,
Article 337,1,
Article 74,18,
Article 74,2,
Article 157,30,
Article 157,2,
Article 175,33,
Article 175,3,
Article 166,20,
Article 166,11,
Article 220,10,
Article 302,31,
Article 302,10,
Article 255,11,
Article 378,89,
Article 302,4,
Article 255,5,
Article 255,3,
Article 378,4,
Article 378,3,
Article 378,2,
Article 97,20,
Article 97,2,
Article 400,100,
Article 97,5,
Article 400,5,
Article 400,6,
Article 332,8,
Article 198,10,
Article 391,20,
Article 409,7,
Article 391,3,
Article 198,5,
Article 332,8,
Article 198,6,
Article 391,7,
Article 409,8,
Article 89,13,
Article 301,17,
Article 301,3,
Article 304,9,
Article 164,16,
Article 259,11,
Article 259,9,
Article 259,4,
Article 259,4,
Article 391,6,
Article 164,6,
Article 89,5,
Article 400,23,
Article 193,27,
Article 112,14,
Article 193,12,
Article 223,9,
Article 190,17,
Article 116,13,
Article 434,10,
Article 253,11,
Article 387,16,
Article 2,17,
Article 362,8,
Article 366,7,
Article 182,7,
Article 182,4,
Article 182,1,
Article 182,4,
Article 79,24,
Article 182,4,
Article 60,7,
Article 60,5,
Article 219,13,
Article 54,10,
Article 102,8,
Article 135,6,
Article 132,5,
Article 139,10,
Article 422,10,
Article 88,7,
Article 393,4,
Article 260,11,
Article 195,15,
Article 195,5,
Article 371,6,
Article 135,6,
Article 35,8,
Article 68,25,
Article 314,10,
Article 422,7,
Article 1,6,
Article 4,18,
Article 211,9,
Article 108,36,
Article 183,13,
Article 221,25,
Article 221,3,
Article 95,5,
Article 95,2,
Article 95,1,
Article 381,14,
Article 165,10,
Article 165,5,
Article 217,5,
Article 78,11,
Article 161,5,
Article 282,7,
Article 183,13,
Article 381,7,
Article 9,5,
Article 165,17,
Article 165,2,
Article 72,38,
Article 72,2,
Article 181,8,
Article 289,15,
Article 385,9,
Article 5,13,
Article 203,10,
Article 351,16,
Article 351,7,
Article 351,5,
Article 92,5,
Article 318,9,
Article 354,6,
Article 412,13,
Article 203,4,
Article 341,15,
Article 289,11,
Article 426,11,
Article 232,28,
Article 73,6,
Article 388,5,
Article 385,5,
Article 168,53,
Article 449,10,
Article 263,18,
Article 263,3,
Article 123,50,
Article 38,3,
Article 38,2,
Article 87,6,
Article 87,3,
Article 375,5,
Article 119,23,
Article 240,20,
Article 123,13,
Article 38,27,
Article 87,62,
Article 375,38,
Article 119,27,
Article 382,31,
Article 245,12,
Article 241,13,
Article 67,20,
Article 128,20,
Article 324,8,
Article 240,56,
Article 336,11,
Article 384,19,
Article 125,29,
Article 103,40,
Article 110,9,
Article 44,10,
Article 298,26,
Article 410,10,
Article 140,27,
Article 249,13,
Article 176,6,
Article 176,2,
Article 417,16,
Article 205,12,
Article 427,51,
Article 427,5,
Article 114,41,
Article 384,7,
Article 12,109,
Article 361,14,
Article 451,47,
Article 117,39,
Article 310,5,
Article 117,53,
Article 222,50,
Article 93,15,
Article 316,91,
Article 328,24,
Article 283,6,
Article 228,69,
Article 308,55,
Article 308,6,
Article 288,14,
Article 143,130,
Article 147,80,
Article 209,19,
Article 40,82,
Article 206,20,
Article 421,26,
Article 320,39,
Article 189,12,
Article 201,25,
Article 163,48,
Article 347,6,
Article 85,23,
Article 160,7,
Article 45,15,
Article 212,81,
Article 414,33,
Article 177,52,
Article 343,8,
Article 377,6,
Article 401,3,
Article 401,3,
Article 149,34,
Article 339,20,
Article 395,18,
Article 28,106,
Article 307,93,
Article 120,13,
Article 345,24,
Article 21,16,
Article 261,47,
Article 136,39,
Article 42,20,
Article 57,21,
Article 77,27,
Article 77,19,
Article 432,49,
Article 268,76,
Article 331,24,
Article 330,15,
Article 263,14,
Article 406,110,
Article 121,21,
Article 406,92,
Article 121,10,
Article 99,32,
Article 423,34,
Article 108,15,
Article 375,9,
Article 119,21,
Article 369,20,
Article 235,79,
Article 131,8,
Article 192,7,
Article 82,40,
Article 374,22,
Article 66,17,
Article 435,13,
Article 11,6,
Article 185,28,
Article 167,53,
Article 200,7,
Article 444,26,
Article 69,12,
Article 43,26,
Article 374,23,
Article 285,13,
Article 16,24,
Article 82,43,
Article 137,25,
Article 372,28,
Article 349,11,
Article 107,15,
Article 160,31,
Article 408,10,
Article 430,4,
Article 152,22,
Article 3,44,
Article 442,62,
Article 337,13,
Article 175,13,
Article 116,42,
Article 190,36,
Article 78,17,
Article 168,36,
Article 285,42,
Article 365,5,
Article 16,21,
Article 16,16,
Article 7,31,
Article 242,31,
Article 199,18,
Article 187,12,
Article 262,14,
Article 47,26,
Article 413,30,
Article 303,12,
Article 313,23,
Article 344,68,
Article 254,51,
Article 154,49,
Article 271,43,
Article 59,22,
Article 99,7,
Article 125,27,
Article 44,24,
Article 86,19,
Article 267,28,
Article 302,20,
Article 164,10,
Article 265,1,
Article 124,11,
Article 213,15,
Article 442,24,
Article 198,0,
Article 253,39,
Article 441,11,
Article 112,12,
Article 40,29,
Article 320,74,
Article 143,43,
Article 40,9,
Article 308,15,
Article 452,11,
Article 421,50,
Article 447,20,
Article 26,20,
Article 19,66,
Article 200,29,
Article 200,7,
Article 286,14,
Article 19,21,
Article 86,15,
Article 267,8,
Article 133,5,
Article 133,5,
Article 222,20,
Article 93,28,
Article 251,24,
Article 22,19,
Article 333,12,
Article 275,24,
Article 275,8,
Article 275,3,
Article 392,6,
Article 396,20,
Article 396,5,
Article 383,17,
Article 214,13,
Article 61,13,
Article 447,10,
Article 456,12,
Article 320,13,
Article 424,11,
Article 395,17,
Article 284,19,
Article 149,42,
Article 339,9,
Article 396,30,
Article 154,13,
Article 261,18,
Article 167,10,
Article 374,10,
Article 365,17,
Article 452,10,
Article 319,6,
Article 308,7,
Article 188,33,
Article 216,56,
Article 216,3,
Article 445,27,
Article 284,20,
Article 228,44,
Article 188,7,
Article 216,0,
Article 265,10,
Article 227,13,
Article 56,18,
Article 336,47,
Article 291,8,
Article 87,50,
Article 375,25,
Article 336,8,
Article 213,41,
Article 442,36,
Article 198,26,
Article 198,8,
Article 396,35,
Article 147,89,
Article 336,298,
Article 40,21,
Article 265,23,
Article 349,10,
Article 374,5,
Article 315,45,
Article 43,16,
Article 19,55,
Article 146,15,
Article 121,9,
Article 265,14,
Article 227,74,
Article 81,45,
Article 47,252,
Article 56,13,
Article 279,19,
Article 162,38,
Article 408,6,
Article 27,9,
Article 306,6,
Article 322,0,
Article 406,8,
Article 227,143,
Article 442,7,
Article 434,10,
Article 427,23,
Article 162,38,
Article 408,20,
Article 322,11,
Article 423,74,
Article 3,11,
Article 81,11,
Article 2,9,
Article 434,0,
Article 198,25,
Article 227,50,
Article 227,129,
Article 162,49,
Article 27,8,
Article 50,7,
Article 3,15,
Article 86,18,
Article 81,88,
Article 50,12,
Article 27,6,
Article 227,3,
Article 162,6,
Article 408,75,
Article 3,11,
Article 86,27,
Article 3,70,
Article 81,44,
Article 81,61,
Article 164,28,
Article 406,7,
Article 121,54,
Article 265,43,
Article 265,14,
Article 227,206,
Article 56,135,
Article 50,5,
Article 3,14,
Article 112,4,
Article 322,8,
Article 306,10,
Article 340,6,
Article 27,4,
Article 408,12,
Article 454,4,
Article 152,5,
Article 50,5,
Article 423,9,
Article 3,8,
Article 86,21,
Article 105,30,
Article 81,31,
Article 210,0,
Article 406,0,
Article 265,52,
Article 265,6,
Article 227,0,
Article 227,0,
Article 56,25,
Article 279,0,
Article 408,116,
Article 406,9,
Article 121,14,
Article 265,22,
Article 227,18,
Article 56,51,
Article 99,2,
Article 99,57,
Article 59,3,
Article 99,9,
Article 121,1,
Article 265,44,
Article 265,1,
Article 227,12,
Article 56,39,
Article 406,11,
Article 265,15,
Article 408,2,
Article 81,20,
Article 110,60,
Article 328,44,
Article 308,63,
Article 265,36,
Article 308,4,
Article 265,24,
Article 117,43,
Article 436,6,
Article 147,134,
Article 320,43,
Article 251,156,
Article 222,17,
Article 436,56,
Article 182,12,
Article 60,3,
Article 54,4,
Article 68,11,
Article 443,9,
Article 35,11,
Article 195,14,
Article 195,1,
Article 195,1,
Article 35,2,
Article 195,6,
Article 219,17,
Article 291,6,
Article 314,23,
Article 117,25,
Article 251,15,
Article 192,32,
Article 46,17,
Article 429,22,
Article 52,4,
Article 436,61,
Article 251,9,
Article 117,17,
Article 143,14,
Article 81,33,
Article 446,90,
Article 419,70,
Article 267,71,
Article 264,24,
Article 112,47,
Article 79,22,
Article 221,18,
Article 78,8,
Article 165,9,
Article 289,80,
Article 5,16,
Article 227,21,
Article 279,6,
Article 408,6,
Article 81,21,
Article 210,15,
Article 446,45,
Article 103,36,
Article 446,46,
Article 213,110,
Article 442,16,
Article 302,111,
Article 164,23,
Article 253,14,
Article 240,6,
Article 384,30,
Article 114,3,
Article 205,30,
Article 176,6,
Article 283,102,
Article 328,3,
Article 17,7,
Article 283,2,
Article 228,58,
Article 437,7,
Article 308,42,
Article 288,10,
Article 143,63,
Article 147,14,
Article 209,32,
Article 236,2,
Article 353,6,
Article 320,73,
Article 40,5,
Article 421,11,
Article 148,17,
Article 201,19,
Article 163,1,
Article 85,31,
Article 160,7,
Article 45,10,
Article 212,20,
Article 343,15,
Article 377,5,
Article 401,11,
Article 149,72,
Article 339,6,
Article 274,2,
Article 39,2,
Article 395,7,
Article 106,11,
Article 377,4,
Article 401,36,
Article 343,4,
Article 401,18,
Article 307,16,
Article 172,6,
Article 311,10,
Article 254,13,
Article 235,29,
Article 141,22,
Article 425,1,
Article 146,19,
Article 396,26,
Article 40,31,
Article 437,2,
Article 228,42,
Article 265,8,
Article 308,8,
Article 265,52,
Article 308,25,
Article 138,5,
Article 334,5,
Article 215,2,
Article 143,41,
Article 307,24,
Article 28,25,
Article 227,4,
Article 56,2,
Article 279,4,
Article 59,14,
Article 59,4,
Article 99,3,
Article 162,11,
Article 408,29,
Article 27,7,
Article 322,11,
Article 454,3,
Article 423,2,
Article 3,8,
Article 81,103,
Article 446,0,
Article 213,64,
Article 419,0,
Article 267,0,
Article 133,4,
Article 74,6,
Article 166,7,
Article 255,6,
Article 259,6,
Article 112,6,
Article 193,7,
Article 195,4,
Article 4,5,
Article 1,254,
Article 87,33,
Article 38,11,
Article 336,50,
Article 249,12,
Article 382,11,
Article 87,0,
Article 123,4,
Article 263,0,
Article 5,6,
Article 351,10,
Article 385,9,
Article 388,4,
Article 73,15,
Article 232,16,
Article 426,10,
Article 289,12,
Article 341,5,
Article 203,23,
Article 203,2,
Article 412,116,
Article 341,3,
Article 289,0,
Article 385,10,
Article 385,4,
Article 388,9,
Article 73,2,
Article 232,3,
Article 426,3,
Article 289,2,
Article 341,1,
Article 203,2,
Article 412,2,
Article 354,3,
Article 318,1,
Article 92,3,
Article 195,5,
Article 1,3,
Article 422,9,
Article 314,5,
Article 68,16,
Article 35,3,
Article 135,7,
Article 371,6,
Article 195,8,
Article 260,13,
Article 393,3,
Article 88,8,
Article 422,16,
Article 422,2,
Article 139,11,
Article 132,4,
Article 135,6,
Article 102,5,
Article 54,1,
Article 150,35,
Article 219,2,
Article 60,1,
Article 182,2,
Article 79,8,
Article 219,2,
Article 150,1,
Article 54,2,
Article 102,1,
Article 135,1,
Article 132,2,
Article 139,2,
Article 422,1,
Article 88,1,
Article 393,2,
Article 260,1,
Article 195,2,
Article 422,2,
Article 139,2,
Article 132,26,
Article 422,2,
Article 132,2,
Article 135,2,
Article 102,40,
Article 132,1,
Article 135,10,
Article 135,2,
Article 132,1,
Article 139,2,
Article 422,1,
Article 88,2,
Article 393,2,
Article 260,2,
Article 195,1,
Article 371,2,
Article 135,4,
Article 35,3,
Article 260,1,
Article 393,1,
Article 88,9,
Article 406,0,
Article 408,41,
Article 406,14,
Article 408,31,
Article 121,57,
Article 265,201,
Article 227,32,
Article 56,38,
Article 279,19,
Article 59,53,
Article 99,37,
Article 162,67,
Article 408,19,
Article 27,10,
Article 340,8,
Article 430,25,
Article 306,10,
Article 322,43,
Article 149,79,
Article 406,8,
Article 454,5,
Article 152,13,
Article 50,17,
Article 423,27,
Article 3,33,
Article 86,45,
Article 105,35,
Article 81,49,
Article 210,49,
Article 256,8,
Article 446,80,
Article 63,72,
Article 213,18,
Article 267,85,
Article 267,17,
Article 79,10,
Article 421,28,
Article 79,3,
Article 265,46,
Article 441,10,
Article 112,55,
Article 384,24,
Article 352,11,
Article 136,34,
Article 118,26,
Article 406,48,
Article 99,39,
Article 408,51,
Article 322,11,
Article 454,3,
Article 152,47,
Article 86,14,
Article 227,40,
Article 5,14,
Article 412,9,
Article 105,51,
Article 86,16,
Article 210,15,
Article 256,43,
Article 78,21,
Article 217,7,
Article 221,11,
Article 211,7,
Article 95,6,
Article 108,30,
Article 165,12,
Article 221,4,
Article 282,17,
Article 95,4,
Article 297,7,
Article 72,7,
Article 426,11,
Article 49,9,
Article 73,9,
Article 92,7,
Article 181,0,
Article 406,5,
Article 121,2,
Article 265,15,
Article 406,0,
Article 406,143,
Article 406,0,
Article 56,0,
Article 406,35,
Article 56,17,
Article 81,246,
Article 81,2,
Article 240,47,
Article 81,11,
Article 378,63,
Article 54,11,
Article 406,154,
Article 227,33,
Article 121,0,
Article 86,40,
Article 221,14,
Article 325,11,
Article 221,4,
Article 325,2,
Article 8,27,
Article 457,147,
Article 268,30,
Article 194,9,
Article 47,76,
Article 40,21,
Article 251,17,
Article 265,1,
Article 265,1,
Article 265,37,
Article 86,4,
Article 221,9,
Article 325,22,
Article 325,21,
Article 457,5,
Article 307,62,
Article 452,0,
Article 432,4,
Article 86,8,
Article 262,2,
Article 268,165,
Article 262,15,
Article 47,0,
Article 367,50,
Article 278,16,
Article 319,0,
Article 133,87,
Article 87,0,
Article 38,53,
Article 38,2,
Article 123,28,
Article 263,16,
Article 449,43,
Article 49,28,
Article 341,86,
Article 426,48,
Article 341,7,
Article 341,5,
Article 351,4,
Article 426,7,
Article 351,26,
Article 351,4,
Article 351,3,
Article 412,6,
Article 412,1,
Article 412,2,
Article 412,1,
Article 351,1,
Article 412,2,
Article 181,0,
Article 181,1,
Article 181,3,
Article 181,2,
Article 354,26,
Article 203,21,
Article 388,18,
Article 232,30,
Article 385,7,
Article 272,275,
Article 385,2,
Article 272,2,
Article 73,7,
Article 73,1,
Article 92,14,
Article 289,50,
Article 289,3,
Article 318,24,
Article 318,2,
Article 5,11,
Article 380,9,
Article 72,92,
Article 72,3,
Article 297,15,
Article 297,2,
Article 108,31,
Article 108,1,
Article 108,3,
Article 373,7,
Article 217,6,
Article 217,3,
Article 381,14,
Article 381,4,
Article 221,175,
Article 221,3,
Article 211,52,
Article 221,5,
Article 211,6,
Article 183,1,
Article 9,2,
Article 183,137,
Article 183,2,
Article 9,6,
Article 9,3,
Article 161,0,
Article 161,32,
Article 95,6,
Article 78,96,
Article 78,1,
Article 165,6,
Article 325,26,
Article 78,5,
Article 95,16,
Article 161,2,
Article 95,4,
Article 78,3,
Article 165,34,
Article 325,14,
Article 282,34,
Article 325,7,
Article 282,5,
Article 4,0,
Article 408,44,
Article 27,16,
Article 3,24,
Article 81,27,
Article 267,87,
Article 133,235,
Article 164,40,
Article 198,17,
Article 253,18,
Article 253,42,
Article 205,24,
Article 176,8,
Article 298,47,
Article 38,13,
Article 40,56,
Article 376,17,
Article 162,19,
Article 3,11,
Article 3,6,
Article 35,9,
Article 240,37,
Article 265,98,
Article 56,19,
Article 265,3,
Article 56,4,
Article 162,32,
Article 124,33,
Article 63,74,
Article 213,20,
Article 442,23,
Article 133,10,
Article 446,18,
Article 265,43,
Article 121,60,
Article 265,108,
Article 265,0,
Article 265,22,
Article 56,113,
Article 279,41,
Article 265,21,
Article 308,11,
Article 59,62,
Article 162,28,
Article 408,170,
Article 408,14,
Article 430,10,
Article 340,3,
Article 27,8,
Article 3,79,
Article 408,55,
Article 260,28,
Article 393,6,
Article 195,18,
Article 351,36,
Article 17,109,
Article 328,11,
Article 316,6,
Article 457,0,
Article 320,39,
Article 40,0,
Article 126,23,
Article 120,27,
Article 22,29,
Article 326,61,
Article 399,0,
Article 419,35,
Article 267,101,
Article 442,98,
Article 15,151,
Article 358,25,
Article 250,13,
Article 133,23,
Article 258,7,
Article 400,23,
Article 89,158,
Article 306,23,
Article 165,8,
Article 240,0,
Article 336,0,
Article 8,38,
Article 324,65,
Article 176,17,
Article 44,0,
Article 384,113,
Article 17,32,
Article 283,246,
Article 283,5,
Article 17,6,
Article 40,0,
Article 408,28,
Article 306,54,
Article 227,13,
Article 322,8,
Article 152,13,
Article 227,77,
Article 56,32,
Article 279,4,
Article 279,4,
Article 59,37,
Article 279,6,
Article 99,14,
Article 162,66,
Article 408,25,
Article 27,14,
Article 430,46,
Article 306,22,
Article 152,6,
Article 454,4,
Article 50,2,
Article 423,9,
Article 3,29,
Article 105,74,
Article 86,41,
Article 81,27,
Article 256,16,
Article 256,1,
Article 256,2,
Article 256,5,
Article 210,19,
Article 3,4,
Article 105,48,
Article 86,20,
Article 86,6,
Article 210,12,
Article 256,4,
Article 78,8,
Article 211,18,
Article 282,10,
Article 183,7,
Article 221,36,
Article 282,2,
Article 95,7,
Article 297,9,
Article 49,3,
Article 92,2,
Article 181,3,
Article 232,7,
Article 289,16,
Article 221,5,
Article 8,17,
Article 86,21,
Article 262,5,
Article 268,59,
Article 262,5,
Article 47,42,
Article 268,30,
Article 262,16,
Article 47,118,
Article 47,6,
Article 233,7,
Article 367,49,
Article 432,2,
Article 278,6,
Article 233,28,
Article 47,12,
Article 367,11,
Article 278,10,
Article 278,3,
Article 432,31,
Article 319,50,
Article 179,32,
Article 307,2,
Article 179,32,
Article 307,1,
Article 452,56,
Article 457,31,
Article 8,9,
Article 325,5,
Article 221,12,
Article 452,4,
Article 148,22,
Article 347,12,
Article 367,7,
Article 365,27,
Article 16,15,
Article 392,53,
Article 269,27,
Article 47,46,
Article 19,94,
Article 447,42,
Article 43,12,
Article 71,44,
Article 395,13,
Article 149,29,
Article 149,6,
Article 81,0,
Article 59,15,
Article 322,10,
Article 110,29,
Article 103,29,
Article 169,35,
Article 171,46,
Article 227,22,
Article 406,90,
Article 340,8,
Article 340,2,
Article 430,19,
Article 322,35,
Article 56,15,
Article 121,39,
Article 265,14,
Article 279,11,
Article 59,6,
Article 99,13,
Article 408,15,
Article 27,0,
Article 340,2,
Article 430,9,
Article 3,17,
Article 446,248,
Article 442,26,
Article 302,68,
Article 182,7,
Article 140,31,
Article 213,0,
Article 168,46,
Article 108,0,
Article 265,0,
Article 406,10,
Article 63,0,
Article 38,50,
Article 263,5,
Article 38,13,
Article 263,69,
Article 263,4,
Article 38,25,
Article 38,1,
Article 87,128,
Article 38,1,
Article 123,0,
Article 87,23,
Article 263,85,
Article 449,4,
Article 263,4,
Article 449,5,
Article 168,13,
Article 385,23,
Article 388,12,
Article 73,12,
Article 232,27,
Article 426,29,
Article 289,19,
Article 289,3,
Article 341,10,
Article 341,1,
Article 203,35,
Article 203,1,
Article 412,23,
Article 412,5,
Article 203,1,
Article 412,3,
Article 354,8,
Article 318,3,
Article 318,2,
Article 92,8,
Article 217,12,
Article 351,15,
Article 203,7,
Article 5,11,
Article 385,16,
Article 385,3,
Article 289,19,
Article 289,3,
Article 289,1,
Article 181,12,
Article 181,2,
Article 72,31,
Article 72,3,
Article 181,3,
Article 165,7,
Article 9,7,
Article 381,46,
Article 381,3,
Article 183,17,
Article 183,4,
Article 282,5,
Article 282,2,
Article 282,1,
Article 183,4,
Article 282,7,
Article 161,6,
Article 78,14,
Article 78,2,
Article 217,6,
Article 217,2,
Article 165,3,
Article 381,7,
Article 95,4,
Article 221,9,
Article 183,10,
Article 108,29,
Article 108,5,
Article 211,12,
Article 211,2,
Article 4,23,
Article 1,11,
Article 1,13,
Article 422,7,
Article 314,10,
Article 314,2,
Article 314,2,
Article 68,88,
Article 68,2,
Article 35,8,
Article 135,6,
Article 371,16,
Article 195,19,
Article 260,32,
Article 393,3,
Article 88,6,
Article 422,4,
Article 139,13,
Article 139,2,
Article 132,7,
Article 135,3,
Article 102,10,
Article 54,21,
Article 54,3,
Article 150,6,
Article 219,8,
Article 60,15,
Article 219,5,
Article 60,2,
Article 182,8,
Article 79,25,
Article 79,7,
Article 387,239,
Article 191,9,
Article 127,19,
Article 8,12,
Article 324,17,
Article 324,2,
Article 128,5,
Article 67,22,
Article 241,13,
Article 245,6,
Article 382,10,
Article 119,15,
Article 375,49,
Article 87,40,
Article 265,11,
Article 227,23,
Article 322,9,
Article 306,12,
Article 430,20,
Article 430,3,
Article 430,3,
Article 340,8,
Article 27,0,
Article 408,2,
Article 27,5,
Article 340,3,
Article 430,33,
Article 340,5,
Article 27,0,
Article 265,138,
Article 56,6,
Article 406,191,
Article 265,8,
Article 227,128,
Article 56,45,
Article 279,23,
Article 59,107,
Article 162,64,
Article 408,44,
Article 59,25,
Article 99,52,
Article 162,69,
Article 408,6,
Article 162,8,
Article 408,26,
Article 27,11,
Article 340,7,
Article 430,28,
Article 306,26,
Article 322,27,
Article 454,5,
Article 152,11,
Article 50,4,
Article 423,39,
Article 3,17,
Article 50,2,
Article 423,4,
Article 3,4,
Article 86,40,
Article 105,67,
Article 86,12,
Article 81,36,
Article 210,32,
Article 256,7,
Article 210,12,
Article 256,2,
Article 446,48,
Article 124,11,
Article 63,13,
Article 213,81,
Article 63,1,
Article 213,5,
Article 419,88,
Article 419,1,
Article 267,89,
Article 442,10,
Article 267,5,
Article 442,112,
Article 15,10,
Article 358,23,
Article 250,37,
Article 133,43,
Article 133,2,
Article 258,18,
Article 258,10,
Article 360,34,
Article 41,19,
Article 404,24,
Article 404,6,
Article 74,19,
Article 157,15,
Article 157,4,
Article 175,14,
Article 166,8,
Article 301,9,
Article 304,11,
Article 164,22,
Article 259,8,
Article 391,6,
Article 164,4,
Article 89,7,
Article 400,26,
Article 89,12,
Article 400,4,
Article 198,8,
Article 264,15,
Article 253,18,
Article 434,2,
Article 116,8,
Article 441,9,
Article 190,22,
Article 196,9,
Article 223,5,
Article 193,3,
Article 112,5,
Article 193,34,
Article 112,13,
Article 223,4,
Article 228,9,
Article 36,89,
Article 179,23,
Article 179,2,
Article 179,28,
Article 167,53,
Article 265,7,
Article 446,42,
Article 279,48,
Article 56,27,
Article 279,8,
Article 59,36,
Article 27,10,
Article 50,22,
Article 454,7,
Article 3,12,
Article 4,39,
Article 267,5,
Article 442,63,
Article 133,6,
Article 41,59,
Article 74,9,
Article 258,20,
Article 133,18,
Article 89,10,
Article 391,10,
Article 400,43,
Article 97,15,
Article 455,29,
Article 409,8,
Article 400,18,
Article 227,60,
Article 56,7,
Article 56,7,
Article 279,19,
Article 105,7,
Article 423,39,
Article 56,5,
Article 279,25,
Article 99,26,
Article 99,2,
Article 162,20,
Article 105,30,
Article 50,10,
Article 152,15,
Article 454,27,
Article 454,4,
Article 81,13,
Article 210,4,
Article 251,41,
Article 222,57,
Article 436,20,
Article 143,85,
Article 40,53,
Article 452,52,
Article 327,0,
Article 419,99,
Article 157,10,
Article 362,7,
Article 123,64,
Article 41,1,
Article 387,4,
Article 443,7,
Article 157,4,
Article 362,6,
Article 362,3,
Article 123,84,
Article 387,1,
Article 41,133,
Article 406,37,
Article 227,165,
Article 59,0,
Article 314,11,
Article 168,28,
Article 78,11,
Article 314,3,
Article 190,6,
Article 116,10,
Article 264,14,
Article 74,10,
Article 360,16,
Article 175,7,
Article 337,9,
Article 442,57,
Article 3,46,
Article 152,33,
Article 430,20,
Article 408,42,
Article 279,24,
Article 56,4,
Article 279,5,
Article 59,52,
Article 408,23,
Article 419,1,
Article 63,64,
Article 446,9,
Article 256,9,
Article 81,6,
Article 105,10,
Article 86,25,
Article 3,10,
Article 423,24,
Article 267,77,
Article 442,5,
Article 15,5,
Article 358,28,
Article 15,2,
Article 442,9,
Article 358,15,
Article 358,7,
Article 250,8,
Article 220,2,
Article 302,33,
Article 302,20,
Article 265,38,
Article 446,16,
Article 253,16,
Article 424,10,
Article 251,100,
Article 222,38,
Article 436,32,
Article 111,14,
Article 111,4,
Article 111,3,
Article 457,27,
Article 308,47,
Article 265,27,
Article 265,16,
Article 308,18,
Article 143,101,
Article 320,20,
Article 40,10,
Article 421,23,
Article 402,19,
Article 452,46,
Article 275,12,
Article 277,43,
Article 16,11,
Article 19,49,
Article 47,83,
Article 278,9,
Article 367,41,
Article 367,17,
Article 239,8,
Article 406,79,
Article 336,39,
Article 169,41,
Article 363,39,
Article 169,7,
Article 171,22,
Article 363,39,
Article 334,16,
Article 138,18,
Article 143,18,
Article 40,23,
Article 148,33,
Article 148,11,
Article 40,25,
Article 121,47,
Article 265,8,
Article 117,7,
Article 251,7,
Article 251,4,
Article 235,28,
Article 141,6,
Article 355,42,
Article 398,35,
Article 275,19,
Article 154,16,
Article 261,23,
Article 261,3,
Article 378,42,
Article 291,6,
Article 375,25,
Article 128,9,
Article 110,47,
Article 149,21,
Article 395,71,
Article 358,41,
Article 259,23,
Article 259,1,
Article 260,14,
Article 260,2,
Article 219,28,
Article 219,59,
Article 143,116,
Article 147,20,
Article 143,1,
Article 452,51,
Article 372,6,
Article 349,4,
Article 160,2,
Article 107,12,
Article 137,55,
Article 16,23,
Article 16,20,
Article 66,17,
Article 66,6,
Article 403,27,
Article 82,5,
Article 269,19,
Article 47,15,
Article 157,31,
Article 211,5,
Article 157,0,
Article 443,94,
Article 157,25,
Article 211,14,
Article 211,90,
Article 422,6,
Article 1,11,
Article 443,4,
Article 422,7,
Article 393,4,
Article 371,5,
Article 314,44,
Article 1,8,
Article 422,10,
Article 422,2,
Article 422,2,
Article 393,8,
Article 393,2,
Article 371,7,
Article 371,4,
Article 314,10,
Article 314,3,
Article 182,10,
Article 35,9,
Article 35,1,
Article 54,10,
Article 54,2,
Article 60,5,
Article 60,2,
Article 68,9,
Article 88,8,
Article 88,1,
Article 88,1,
Article 102,7,
Article 102,2,
Article 132,7,
Article 135,9,
Article 135,1,
Article 260,3,
Article 260,2,
Article 139,14,
Article 150,8,
Article 150,2,
Article 195,12,
Article 195,2,
Article 219,8,
Article 219,1,
Article 291,12,
Article 291,185,
Article 351,15,
Article 334,13,
Article 59,26,
Article 341,73,
Article 341,2,
Article 351,10,
Article 334,4,
Article 334,3,
Article 334,1,
Article 59,108,
Article 59,4,
Article 99,5,
Article 423,70,
Article 423,5,
Article 446,25,
Article 446,4,
Article 124,0,
Article 406,66,
Article 322,30,
Article 306,17,
Article 430,6,
Article 306,4,
Article 430,23,
Article 340,7,
Article 27,9,
Article 430,7,
Article 340,6,
Article 27,1,
Article 340,3,
Article 27,3,
Article 408,25,
Article 27,4,
Article 408,5,
Article 162,53,
Article 162,7,
Article 162,1,
Article 162,3,
Article 99,89,
Article 99,2,
Article 59,7,
Article 279,79,
Article 56,28,
Article 227,74,
Article 406,0,
Article 121,5,
Article 121,140,
Article 227,5,
Article 279,22,
Article 227,20,
Article 454,23,
Article 56,27,
Article 222,143,
Article 436,96,
Article 111,5,
Article 436,4,
Article 111,7,
Article 143,0,
Article 209,63,
Article 353,6,
Article 320,110,
Article 40,230,
Article 395,101,
Article 395,6,
Article 345,98,
Article 326,27,
Article 345,9,
Article 141,15,
Article 138,26,
Article 386,20,
Article 268,108,
Article 268,5,
Article 47,77,
Article 265,2,
Article 227,34,
Article 298,75,
Article 327,176,
Article 365,69,
Article 410,27,
Article 140,15,
Article 140,4,
Article 417,10,
Article 417,4,
Article 205,11,
Article 117,14,
Article 251,106,
Article 222,37,
Article 436,16,
Article 143,105,
Article 147,10,
Article 334,28,
Article 178,26,
Article 284,20,
Article 238,41,
Article 348,8,
Article 348,3,
Article 42,82,
Article 348,2,
Article 42,4,
Article 406,140,
Article 121,111,
Article 265,154,
Article 227,52,
Article 56,25,
Article 279,215,
Article 99,15,
Article 162,113,
Article 162,8,
Article 408,8,
Article 322,26,
Article 193,36,
Article 196,20,
Article 193,25,
Article 112,55,
Article 193,4,
Article 112,8,
Article 223,4,
Article 387,26,
Article 2,116,
Article 366,30,
Article 294,39,
Article 79,6,
Article 223,7,
Article 129,54,
Article 155,43,
Article 191,52,
Article 193,0,
Article 112,165,
Article 115,32,
Article 80,85,
Article 180,72,
Article 196,107,
Article 294,97,
Article 294,6,
Article 366,25,
Article 366,4,
Article 362,22,
Article 2,234,
Article 362,4,
Article 2,10,
Article 2,3,
Article 387,0,
Article 387,14,
Article 362,4,
Article 366,4,
Article 366,1,
Article 294,5,
Article 223,4,
Article 129,6,
Article 155,11,
Article 191,0,
Article 227,0,
Article 59,22,
Article 430,29,
Article 423,61,
Article 81,71,
Article 81,9,
Article 446,48,
Article 423,24,
Article 59,5,
Article 99,56,
Article 63,22,
Article 442,29,
Article 250,21,
Article 264,27,
Article 434,10,
Article 434,6,
Article 2,18,
Article 56,7,
Article 279,15,
Article 59,14,
Article 99,29,
Article 408,18,
Article 406,11,
Article 121,9,
Article 227,8,
Article 59,9,
Article 430,37,
Article 408,82,
Article 430,23,
Article 423,20,
Article 446,12,
Article 430,8,
Article 99,20,
Article 423,18,
Article 81,19,
Article 446,24,
Article 124,22,
Article 213,28,
Article 2,49,
Article 442,27,
Article 317,8,
Article 255,15,
Article 441,23,
Article 139,6,
Article 443,11,
Article 87,39,
Article 38,56,
Article 123,42,
Article 263,30,
Article 449,10,
Article 168,23,
Article 49,19,
Article 87,14,
Article 123,71,
Article 263,17,
Article 263,3,
Article 168,13,
Article 49,7,
Article 412,18,
Article 272,17,
Article 289,30,
Article 272,3,
Article 289,2,
Article 388,24,
Article 92,25,
Article 232,13,
Article 380,11,
Article 203,6,
Article 203,2,
Article 73,4,
Article 354,9,
Article 351,28,
Article 341,8,
Article 181,18,
Article 426,6,
Article 5,1,
Article 426,39,
Article 446,43,
Article 213,26,
Article 213,4,
Article 265,12,
Article 227,10,
Article 419,29,
Article 263,49,
Article 87,10,
Article 237,37,
Article 87,15,
Article 87,6,
Article 168,59,
Article 449,15,
Article 408,22,
Article 362,10,
Article 427,6,
Article 419,15,
Article 419,51,
Article 198,24,
Article 198,5,
Article 97,15,
Article 234,6,
Article 257,6,
Article 302,78,
Article 358,18,
Article 74,13,
Article 404,9,
Article 250,16,
Article 250,2,
Article 337,11,
Article 250,2,
Article 175,15,
Article 175,2,
Article 175,2,
Article 41,19,
Article 41,3,
Article 166,7,
Article 133,5,
Article 133,3,
Article 253,12,
Article 264,6,
Article 391,6,
Article 317,14,
Article 164,9,
Article 332,5,
Article 27,16,
Article 340,7,
Article 430,17,
Article 340,3,
Article 430,2,
Article 442,32,
Article 442,2,
Article 133,36,
Article 175,110,
Article 15,42,
Article 258,10,
Article 250,10,
Article 404,9,
Article 358,15,
Article 220,7,
Article 41,50,
Article 74,6,
Article 166,3,
Article 302,3,
Article 56,23,
Article 222,21,
Article 147,41,
Article 265,18,
Article 320,56,
Article 320,8,
Article 312,13,
Article 320,26,
Article 452,2,
Article 28,53,
Article 248,19,
Article 284,18,
Article 201,17,
Article 163,9,
Article 19,9,
Article 40,27,
Article 72,9,
Article 272,5,
Article 442,7,
Article 41,9,
Article 387,7,
Article 180,88,
Article 387,11,
Article 388,10,
Article 99,5,
Article 446,7,
Article 213,1,
Article 63,4,
Article 442,4,
Article 378,24,
Article 255,6,
Article 378,17,
Article 135,5,
Article 139,0,
Article 265,44,
Article 406,24,
Article 265,14,
Article 265,7,
Article 81,46,
Article 63,17,
Article 213,27,
Article 45,14,
Article 344,23,
Article 386,53,
Article 284,34,
Article 113,1,
Article 398,29,
Article 94,42,
Article 218,53,
Article 383,23,
Article 36,19,
Article 56,6,
Article 27,5,
Article 306,3,
Article 86,16,
Article 446,42,
Article 442,16,
Article 133,20,
Article 264,11,
Article 253,21,
Article 79,13,
Article 195,8,
Article 4,5,
Article 222,18,
Article 288,3,
Article 147,12,
Article 312,12,
Article 206,9,
Article 424,15,
Article 402,3,
Article 452,51,
Article 163,9,
Article 347,16,
Article 395,20,
Article 186,5,
Article 120,5,
Article 172,5,
Article 326,12,
Article 345,7,
Article 290,25,
Article 453,10,
Article 21,7,
Article 229,5,
Article 179,20,
Article 390,5,
Article 261,11,
Article 456,2,
Article 348,5,
Article 238,6,
Article 20,12,
Article 71,10,
Article 27,2,
Article 306,3,
Article 86,10,
Article 446,20,
Article 133,13,
Article 195,6,
Article 312,13,
Article 201,4,
Article 163,7,
Article 347,5,
Article 452,43,
Article 40,35,
Article 398,2,
Article 179,39,
Article 265,183,
Article 227,21,
Article 279,16,
Article 408,24,
Article 322,8,
Article 419,20,
Article 454,3,
Article 152,4,
Article 50,7,
Article 3,5,
Article 86,14,
Article 210,19,
Article 213,14,
Article 267,228,
Article 208,13,
Article 114,13,
Article 111,5,
Article 143,26,
Article 209,30,
Article 421,20,
Article 106,61,
Article 146,29,
Article 396,11,
Article 397,14,
Article 136,30,
Article 136,4,
Article 145,7,
Article 271,19,
Article 293,9,
Article 242,97,
Article 162,0,
Article 227,26,
Article 148,12,
Article 85,7,
Article 149,11,
Article 227,13,
Article 87,65,
Article 38,10,
Article 123,57,
Article 263,32,
Article 168,35,
Article 49,5,
Article 341,4,
Article 426,13,
Article 351,12,
Article 412,9,
Article 181,11,
Article 354,5,
Article 203,6,
Article 388,5,
Article 232,11,
Article 385,7,
Article 272,5,
Article 73,3,
Article 92,3,
Article 289,10,
Article 289,2,
Article 289,3,
Article 318,6,
Article 5,11,
Article 380,10,
Article 72,2,
Article 297,18,
Article 297,2,
Article 297,2,
Article 108,16,
Article 373,4,
Article 217,5,
Article 381,11,
Article 221,11,
Article 211,5,
Article 183,11,
Article 9,4,
Article 161,3,
Article 95,4,
Article 165,4,
Article 325,5,
Article 282,9,
Article 4,57,
Article 382,9,
Article 103,43,
Article 110,3,
Article 446,9,
Article 358,5,
Article 193,10,
Article 168,10,
Article 87,5,
Article 382,16,
Article 67,16,
Article 127,3,
Article 336,39,
Article 406,19,
Article 419,45,
Article 157,34,
Article 129,8,
Article 283,10,
Article 17,9,
Article 328,7,
Article 316,18,
Article 123,28,
Article 40,12,
Article 277,5,
Article 365,20,
Article 406,41,
Article 121,52,
Article 265,68,
Article 227,140,
Article 56,21,
Article 279,39,
Article 59,42,
Article 99,25,
Article 162,24,
Article 408,112,
Article 27,6,
Article 340,5,
Article 430,28,
Article 322,36,
Article 306,9,
Article 322,5,
Article 454,4,
Article 152,11,
Article 50,5,
Article 423,33,
Article 3,16,
Article 86,28,
Article 105,31,
Article 81,31,
Article 210,10,
Article 256,5,
Article 446,179,
Article 347,257,
Article 117,16,
Article 40,0,
Article 424,88,
Article 452,66,
Article 28,237,
Article 360,243,
Article 360,1,
Article 43,21,
Article 19,104,
Article 265,8,
Article 446,62,
Article 375,34,
Article 87,123,
Article 38,46,
Article 123,145,
Article 263,22,
Article 449,125,
Article 168,19,
Article 385,174,
Article 385,3,
Article 388,57,
Article 388,4,
Article 73,52,
Article 73,2,
Article 232,40,
Article 426,10,
Article 289,3,
Article 426,4,
Article 289,0,
Article 341,8,
Article 203,7,
Article 412,13,
Article 354,0,
Article 263,1,
Article 87,129,
Article 87,2,
Article 87,41,
Article 63,8,
Article 116,51,
Article 377,50,
Article 401,48,
Article 377,22,
Article 343,120,
Article 406,20,
Article 121,10,
Article 265,0,
Article 437,83,
Article 228,0,
Article 406,19,
Article 227,0,
Article 56,28,
Article 279,37,
Article 59,48,
Article 99,81,
Article 162,35,
Article 408,24,
Article 27,18,
Article 340,10,
Article 430,29,
Article 175,32,
Article 258,5,
Article 87,26,
Article 382,5,
Article 87,8,
Article 340,5,
Article 430,12,
Article 27,9,
Article 340,9,
Article 406,23,
Article 121,14,
Article 265,24,
Article 279,12,
Article 162,18,
Article 408,11,
Article 306,9,
Article 322,12,
Article 454,4,
Article 152,8,
Article 50,6,
Article 423,9,
Article 3,4,
Article 86,36,
Article 105,34,
Article 105,3,
Article 86,8,
Article 210,32,
Article 256,19,
Article 95,90,
Article 81,103,
Article 40,68,
Article 452,12,
Article 148,8,
Article 163,14,
Article 40,73,
Article 265,21,
Article 124,23,
Article 446,9,
Article 213,13,
Article 267,9,
Article 112,46,
Article 79,14,
Article 449,0,
Article 265,19,
Article 336,191,
Article 90,8,
Article 35,12,
Article 54,10,
Article 60,5,
Article 68,44,
Article 68,3,
Article 88,9,
Article 102,50,
Article 132,28,
Article 135,28,
Article 260,41,
Article 139,19,
Article 150,24,
Article 150,3,
Article 443,29,
Article 443,4,
Article 393,31,
Article 393,3,
Article 422,34,
Article 393,5,
Article 422,3,
Article 195,77,
Article 195,1,
Article 219,19,
Article 219,2,
Article 291,6,
Article 314,22,
Article 314,2,
Article 371,20,
Article 1,18,
Article 1,4,
Article 1,3,
Article 66,23,
Article 227,17,
Article 56,15,
Article 279,8,
Article 59,15,
Article 99,6,
Article 162,9,
Article 408,8,
Article 408,10,
Article 27,42,
Article 340,14,
Article 430,53,
Article 430,8,
Article 306,7,
Article 340,2,
Article 430,2,
Article 166,42,
Article 133,48,
Article 133,3,
Article 133,5,
Article 157,34,
Article 157,2,
Article 175,23,
Article 15,31,
Article 220,7,
Article 258,31,
Article 258,3,
Article 250,47,
Article 250,3,
Article 404,32,
Article 258,2,
Article 250,3,
Article 404,2,
Article 337,13,
Article 337,2,
Article 360,26,
Article 337,3,
Article 360,3,
Article 41,20,
Article 360,2,
Article 41,3,
Article 74,16,
Article 358,54,
Article 358,2,
Article 66,2,
Article 358,0,
Article 121,35,
Article 265,8,
Article 227,0,
Article 40,21,
Article 452,9,
Article 148,174,
Article 201,6,
Article 163,0,
Article 328,14,
Article 316,11,
Article 310,18,
Article 451,4,
Article 361,9,
Article 280,26,
Article 110,31,
Article 103,27,
Article 240,24,
Article 336,12,
Article 8,8,
Article 324,0,
Article 406,57,
Article 121,9,
Article 265,24,
Article 162,12,
Article 162,4,
Article 227,1,
Article 408,9,
Article 227,3,
Article 408,1,
Article 81,38,
Article 27,4,
Article 50,11,
Article 3,13,
Article 86,47,
Article 86,2,
Article 221,21,
Article 86,15,
Article 221,18,
Article 325,6,
Article 8,17,
Article 457,42,
Article 452,78,
Article 307,2,
Article 179,35,
Article 40,4,
Article 452,6,
Article 148,24,
Article 201,4,
Article 163,5,
Article 347,5,
Article 452,7,
Article 146,14,
Article 239,12,
Article 163,3,
Article 347,13,
Article 86,12,
Article 3,43,
Article 162,5,
Article 86,11,
Article 282,5,
Article 282,2,
Article 78,4,
Article 221,5,
Article 95,3,
Article 108,23,
Article 108,9,
Article 9,3,
Article 165,2,
Article 161,3,
Article 297,9,
Article 217,3,
Article 297,2,
Article 217,5,
Article 183,6,
Article 211,3,
Article 325,9,
Article 86,12,
Article 221,2,
Article 307,9,
Article 278,22,
Article 47,49,
Article 268,10,
Article 86,8,
Article 86,13,
Article 221,5,
Article 86,2,
Article 105,1,
Article 86,32,
Article 105,74,
Article 322,13,
Article 423,25,
Article 3,5,
Article 408,7,
Article 81,7,
Article 56,6,
Article 27,4,
Article 306,5,
Article 86,8,
Article 446,2,
Article 442,2,
Article 133,19,
Article 442,13,
Article 264,26,
Article 446,6,
Article 124,4,
Article 213,19,
Article 253,9,
Article 4,4,
Article 449,17,
Article 265,7,
Article 40,17,
Article 117,18,
Article 251,3,
Article 111,5,
Article 320,17,
Article 421,31,
Article 406,51,
Article 121,3,
Article 227,3,
Article 265,11,
Article 227,8,
Article 56,15,
Article 279,14,
Article 59,15,
Article 99,14,
Article 162,15,
Article 408,89,
Article 27,1,
Article 340,4,
Article 430,7,
Article 340,3,
Article 430,1,
Article 340,2,
Article 430,6,
Article 446,74,
Article 74,13,
Article 430,8,
Article 340,9,
Article 27,5,
Article 430,2,
Article 340,2,
Article 442,6,
Article 227,7,
Article 56,4,
Article 279,21,
Article 228,2,
Article 406,2,
Article 56,11,
Article 56,1,
Article 279,5,
Article 302,12,
Article 457,6,
Article 285,23,
Article 16,3,
Article 397,2,
Article 349,1,
Article 107,2,
Article 407,2,
Article 134,10,
Article 134,194,
Article 121,1,
Article 121,9,
Article 227,17,
Article 265,6,
Article 59,8,
Article 99,183,
Article 320,100,
Article 265,49,
Article 265,1,
Article 308,10,
Article 19,43,
Article 47,106,
Article 233,26,
Article 430,1,
Article 442,3,
Article 250,2,
Article 53,2,
Article 134,5,
Article 249,53,
Article 302,16,
Article 358,2,
Article 337,4,
Article 404,14,
Article 358,2,
Article 337,1,
Article 404,3,
Article 404,1,
Article 250,2,
Article 258,2,
Article 220,1,
Article 15,4,
Article 175,2,
Article 157,1,
Article 133,2,
Article 166,2,
Article 430,14,
Article 166,2,
Article 74,1,
Article 41,3,
Article 41,2,
Article 74,1,
Article 74,10,
Article 360,15,
Article 360,2,
Article 358,3,
Article 360,2,
Article 358,3,
Article 358,3,
Article 337,26,
Article 337,1,
Article 337,3,
Article 404,9,
Article 404,2,
Article 250,3,
Article 250,2,
Article 258,8,
Article 258,2,
Article 220,8,
Article 15,14,
Article 220,2,
Article 15,4,
Article 15,1,
Article 175,10,
Article 157,2,
Article 157,6,
Article 157,2,
Article 133,40,
Article 157,2,
Article 133,4,
Article 166,10,
Article 166,2,
Article 430,41,
Article 340,2,
Article 27,4,
Article 430,17,
Article 430,1,
Article 430,1,
Article 166,2,
Article 27,2,
Article 166,11,
Article 27,38,
Article 105,22,
Article 86,6,
Article 282,9,
Article 282,3,
Article 78,10,
Article 221,13,
Article 221,1,
Article 95,3,
Article 108,32,
Article 336,5,
Article 280,9,
Article 451,29,
Article 12,27,
Article 280,18,
Article 110,25,
Article 406,18,
Article 121,7,
Article 406,8,
Article 121,3,
Article 265,6,
Article 121,2,
Article 59,3,
Article 279,1,
Article 56,2,
Article 56,3,
Article 227,3,
Article 265,3,
Article 121,4,
Article 406,26,
Article 265,1,
Article 227,4,
Article 265,2,
Article 124,36,
Article 63,9,
Article 240,78,
Article 336,64,
Article 336,5,
Article 127,161,
Article 67,26,
Article 67,1,
Article 67,2,
Article 382,4,
Article 87,3,
Article 168,22,
Article 168,3,
Article 193,53,
Article 358,15,
Article 358,2,
Article 63,8,
Article 446,121,
Article 360,100,
Article 265,10,
Article 227,3,
Article 265,25,
Article 87,14,
Article 63,218,
Article 210,10,
Article 426,20,
Article 412,8,
Article 426,2,
Article 232,6,
Article 211,9,
Article 211,3,
Article 221,6,
Article 221,2,
Article 443,13,
Article 443,3,
Article 139,5,
Article 139,1,
Article 443,2,
Article 139,3,
Article 139,1,
Article 362,2,
Article 139,1,
Article 387,24,
Article 139,4,
Article 79,71,
Article 423,1,
Article 423,1,
Article 79,4,
Article 182,3,
Article 150,3,
Article 102,0,
Article 401,12,
Article 377,4,
Article 343,6,
Article 401,1,
Article 343,75,
Article 43,7,
Article 419,1,
Article 259,3,
Article 387,2,
Article 387,0,
Article 159,9,
Article 331,7,
Article 438,12,
Article 438,1,
Article 359,13,
Article 359,2,
Article 309,10,
Article 416,14,
Article 83,4,
Article 268,9,
Article 268,1,
Article 19,24,
Article 363,24,
Article 140,6,
Article 437,18,
Article 227,36,
Article 227,3,
Article 408,0,
Article 99,120,
Article 279,83,
Article 406,128,
Article 430,31,
Article 63,97,
Article 213,39,
Article 419,96,
Article 15,8,
Article 442,36,
Article 15,3,
Article 15,3,
Article 15,4,
Article 358,8,
Article 250,59,
Article 267,58,
Article 423,18,
Article 50,10,
Article 454,11,
Article 3,13,
Article 86,84,
Article 454,5,
Article 152,195,
Article 86,72,
Article 175,11,
Article 166,11,
Article 164,61,
Article 165,0,
Article 227,288,
Article 265,169,
Article 121,123,
Article 406,210,
Article 260,60,
Article 72,27,
Article 72,155,
Article 408,99,
Article 446,2,
Article 124,3,
Article 63,5,
Article 260,5,
Article 72,20,
Article 325,6,
Article 233,10,
Article 262,7,
Article 47,10,
Article 367,5,
Article 432,5,
Article 167,6,
Article 374,9,
Article 285,13,
Article 238,34,
Article 307,94,
Article 452,18,
Article 457,30,
Article 8,17,
Article 72,16,
Article 221,33,
Article 72,2,
Article 221,3,
Article 217,19,
Article 217,5,
Article 325,19,
Article 211,26,
Article 183,29,
Article 183,3,
Article 217,6,
Article 183,3,
Article 297,30,
Article 297,2,
Article 297,2,
Article 161,5,
Article 165,20,
Article 165,2,
Article 9,19,
Article 9,3,
Article 108,1,
Article 108,1,
Article 108,2,
Article 95,9,
Article 95,3,
Article 221,11,
Article 78,36,
Article 78,4,
Article 282,13,
Article 86,36,
Article 86,4,
Article 105,113,
Article 86,24,
Article 105,32,
Article 86,43,
Article 406,0,
Article 406,50,
Article 430,32,
Article 423,84,
Article 423,1,
Article 279,36,
Article 267,42,
Article 302,8,
Article 265,22,
Article 265,23,
Article 94,79,
Article 45,15,
Article 213,38,
Article 344,9,
Article 383,10,
Article 56,3,
Article 279,14,
Article 222,33,
Article 228,8,
Article 143,63,
Article 312,6,
Article 337,5,
Article 121,46,
Article 369,51,
Article 251,11,
Article 436,10,
Article 308,23,
Article 167,35,
Article 47,25,
Article 269,30,
Article 269,7,
Article 40,27,
Article 146,40,
Article 265,31,
Article 254,32,
Article 396,45,
Article 432,18,
Article 25,5,
Article 26,165,
Article 419,23,
Article 213,66,
Article 193,12,
Article 193,2,
Article 223,6,
Article 196,10,
Article 190,9,
Article 8,18,
Article 128,31,
Article 87,34,
Article 123,69,
Article 129,7,
Article 362,3,
Article 123,2,
Article 210,60,
Article 443,32,
Article 221,30,
Article 211,12,
Article 232,15,
Article 5,6,
Article 426,12,
Article 412,7,
Article 412,3,
Article 141,19,
Article 118,8,
Article 227,45,
Article 56,10,
Article 59,39,
Article 59,4,
Article 99,47,
Article 99,5,
Article 442,77,
Article 41,34,
Article 325,12,
Article 325,2,
Article 72,24,
Article 412,19,
Article 426,14,
Article 227,15,
Article 56,14,
Article 40,85,
Article 430,4,
Article 74,3,
Article 41,3,
Article 340,11,
Article 133,2,
Article 157,2,
Article 175,3,
Article 15,5,
Article 220,2,
Article 15,7,
Article 258,3,
Article 250,5,
Article 404,4,
Article 337,2,
Article 358,8,
Article 41,2,
Article 74,2,
Article 256,5,
Article 2,18,
Article 71,22,
Article 19,36,
Article 269,46,
Article 47,31,
Article 157,5,
Article 41,11,
Article 400,14,
Article 387,7,
Article 387,2,
Article 387,2,
Article 362,5,
Article 139,48,
Article 157,5,
Article 133,2,
Article 166,11,
Article 133,42,
Article 41,10,
Article 41,2,
Article 358,9,
Article 423,4,
Article 3,4,
Article 213,2,
Article 442,63,
Article 406,7,
Article 68,13,
Article 68,2,
Article 219,9,
Article 358,5,
Article 127,9,
Article 241,7,
Article 87,16,
Article 168,75,
Article 155,13,
Article 112,4,
Article 80,24,
Article 112,1,
Article 112,2,
Article 80,2,
Article 155,3,
Article 153,13,
Article 115,12,
Article 294,23,
Article 294,2,
Article 129,10,
Article 322,5,
Article 213,10,
Article 446,5,
Article 81,15,
Article 442,5,
Article 164,18,
Article 198,7,
Article 332,1,
Article 400,13,
Article 97,6,
Article 378,5,
Article 441,7,
Article 116,49,
Article 195,5,
Article 165,9,
Article 95,9,
Article 221,3,
Article 183,16,
Article 108,4,
Article 211,6,
Article 4,4,
Article 1,22,
Article 422,9,
Article 314,11,
Article 68,38,
Article 35,5,
Article 135,7,
Article 371,11,
Article 35,5,
Article 54,9,
Article 60,4,
Article 68,3,
Article 88,10,
Article 102,6,
Article 132,2,
Article 135,2,
Article 260,6,
Article 139,9,
Article 150,5,
Article 195,11,
Article 195,2,
Article 291,3,
Article 314,13,
Article 371,6,
Article 393,4,
Article 422,2,
Article 443,56,
Article 443,2,
Article 1,3,
Article 1,2,
Article 182,9,
Article 454,4,
Article 105,49,
Article 105,4,
Article 105,3,
Article 105,1,
Article 454,2,
Article 86,19,
Article 210,7,
Article 256,6,
Article 210,2,
Article 256,2,
Article 250,7,
Article 358,9,
Article 193,7,
Article 358,5,
Article 343,15,
Article 401,20,
Article 40,25,
Article 99,28,
Article 423,24,
Article 68,16,
Article 245,35,
Article 241,19,
Article 139,4,
Article 412,1,
Article 426,14,
Article 426,14,
Article 426,5,
Article 426,3,
Article 406,24,
Article 363,45,
Article 194,8,
Article 169,13,
Article 360,19,
Article 317,6,
Article 54,6,
Article 149,19,
Article 395,19,
Article 112,103,
Article 253,68,
Article 198,23,
Article 198,18,
Article 164,46,
Article 302,100,
Article 133,67,
Article 267,64,
Article 81,140,
Article 86,38,
Article 3,16,
Article 50,13,
Article 27,9,
Article 408,82,
Article 162,32,
Article 227,165,
Article 406,287,
Article 121,3,
Article 121,1,
Article 121,53,
Article 265,91,
Article 227,206,
Article 56,55,
Article 279,73,
Article 59,50,
Article 99,199,
Article 162,67,
Article 408,95,
Article 27,13,
Article 340,10,
Article 430,60,
Article 306,18,
Article 322,27,
Article 454,19,
Article 423,26,
Article 3,0,
Article 86,61,
Article 105,151,
Article 81,160,
Article 446,93,
Article 124,99,
Article 63,37,
Article 267,72,
Article 442,22,
Article 15,17,
Article 358,54,
Article 250,60,
Article 133,256,
Article 406,0,
Article 121,103,
Article 265,145,
Article 227,281,
Article 56,11,
Article 279,38,
Article 59,0,
Article 99,41,
Article 162,52,
Article 408,268,
Article 27,4,
Article 340,3,
Article 430,16,
Article 306,12,
Article 322,8,
Article 454,4,
Article 423,159,
Article 3,0,
Article 423,13,
Article 3,23,
Article 86,41,
Article 105,31,
Article 81,0,
Article 406,254,
Article 265,19,
Article 56,61,
Article 227,39,
Article 406,41,
Article 121,0,
Article 210,3,
Article 446,50,
Article 391,52,
Article 89,0,